month,region,product_category,sales_rep_id,revenue_target,margin_target,volume_target
2024-01,DACH,Hardware,REP001,120377.45,59611.48,48
2024-01,DACH,Hardware,REP005,107693.65,47574.45,48
2024-01,DACH,Hardware,REP009,83383.8,35695.19,29
2024-01,DACH,Industrial,REP001,156494.28,61049.24,26
2024-01,DACH,Industrial,REP005,128698.41,59737.52,24
2024-01,DACH,Industrial,REP009,120040.02,69436.79,25
2024-01,DACH,Services,REP001,13822.35,7212.39,5
2024-01,DACH,Services,REP005,62961.68,29936.82,24
2024-01,DACH,Services,REP009,45205.46,23445.12,16
2024-01,DACH,Software,REP001,143882.34,71225.9,26
2024-01,DACH,Software,REP005,179246.11,92823.58,48
2024-01,DACH,Software,REP009,103940.92,43713.69,21
2024-01,Northern Europe,Hardware,REP002,31206.09,16611.59,22
2024-01,Northern Europe,Hardware,REP006,78040.35,33618.96,29
2024-01,Northern Europe,Hardware,REP010,35417.66,14433.29,13
2024-01,Northern Europe,Industrial,REP006,89176.88,44611.01,19
2024-01,Northern Europe,Industrial,REP010,69780.54,24325.62,13
2024-01,Northern Europe,Services,REP002,42873.82,18614.97,13
2024-01,Northern Europe,Services,REP006,62907.62,28173.91,22
2024-01,Northern Europe,Services,REP010,45983.14,22218.77,18
2024-01,Northern Europe,Software,REP002,10975.49,5452.58,6
2024-01,Northern Europe,Software,REP006,138432.24,72770.23,33
2024-01,Northern Europe,Software,REP010,43133.85,21521.31,14
2024-01,Southern Europe,Hardware,REP008,30043.18,13622.11,8
2024-01,Southern Europe,Hardware,REP012,10976.73,5715.64,7
2024-01,Southern Europe,Industrial,REP004,23820.14,10479.69,4
2024-01,Southern Europe,Industrial,REP012,58958.01,31249.19,10
2024-01,Southern Europe,Services,REP008,91474.83,41911.92,33
2024-01,Southern Europe,Services,REP012,22626.61,8730.49,11
2024-01,Southern Europe,Software,REP004,47588.49,23495.16,7
2024-01,Southern Europe,Software,REP008,97919.27,37568.59,15
2024-01,Southern Europe,Software,REP012,11204.04,6989.41,7
2024-01,Western Europe,Hardware,REP003,51932.41,25240.92,17
2024-01,Western Europe,Hardware,REP007,7821.87,4723.86,6
2024-01,Western Europe,Hardware,REP011,41649.52,20591.63,16
2024-01,Western Europe,Industrial,REP003,33989.05,17534.9,7
2024-01,Western Europe,Industrial,REP007,40382.23,21804.08,8
2024-01,Western Europe,Industrial,REP011,40228.06,15510.8,8
2024-01,Western Europe,Services,REP003,40509.48,20080.75,16
2024-01,Western Europe,Services,REP007,23045.54,14805.08,12
2024-01,Western Europe,Services,REP011,50129.61,24330.32,18
2024-01,Western Europe,Software,REP003,15381.8,8083.08,5
2024-01,Western Europe,Software,REP007,63895.79,36389.3,25
2024-01,Western Europe,Software,REP011,37657.48,14204.65,9
2024-02,DACH,Hardware,REP001,54337.8,26007.26,13
2024-02,DACH,Hardware,REP005,55378.36,26096.2,21
2024-02,DACH,Hardware,REP009,73895.54,37828.23,30
2024-02,DACH,Industrial,REP001,51872.09,27607.92,10
2024-02,DACH,Industrial,REP005,105684.62,52213.22,18
2024-02,DACH,Industrial,REP009,93444.79,44618.76,19
2024-02,DACH,Services,REP001,64435.43,30058.08,26
2024-02,DACH,Services,REP005,94454.22,43655.92,34
2024-02,DACH,Services,REP009,12213.03,5509.98,7
2024-02,DACH,Software,REP001,162846.67,82670.33,46
2024-02,DACH,Software,REP005,193957.19,95516.04,38
2024-02,DACH,Software,REP009,300401.33,125044.31,45
2024-02,Northern Europe,Hardware,REP002,70436.73,35886.51,40
2024-02,Northern Europe,Hardware,REP006,22544.33,11815.67,14
2024-02,Northern Europe,Hardware,REP010,86637.13,44714.67,31
2024-02,Northern Europe,Industrial,REP006,110863.56,57963.48,26
2024-02,Northern Europe,Industrial,REP010,34719.28,17374.21,5
2024-02,Northern Europe,Services,REP002,82771.63,33912.15,25
2024-02,Northern Europe,Services,REP006,13327.0,7976.93,7
2024-02,Northern Europe,Services,REP010,44955.7,19137.88,16
2024-02,Northern Europe,Software,REP002,171337.43,77185.39,39
2024-02,Northern Europe,Software,REP006,77936.7,31881.04,10
2024-02,Northern Europe,Software,REP010,99278.27,43828.51,22
2024-02,Southern Europe,Hardware,REP004,34626.86,17043.89,9
2024-02,Southern Europe,Hardware,REP008,12705.48,6513.3,8
2024-02,Southern Europe,Hardware,REP012,6229.35,3249.66,4
2024-02,Southern Europe,Industrial,REP004,93014.12,48266.09,18
2024-02,Southern Europe,Industrial,REP008,46175.99,21971.93,8
2024-02,Southern Europe,Industrial,REP012,5424.82,2341.73,1
2024-02,Southern Europe,Services,REP008,19151.06,8527.19,9
2024-02,Southern Europe,Services,REP012,40011.43,16849.51,16
2024-02,Southern Europe,Software,REP004,51283.91,22781.72,9
2024-02,Southern Europe,Software,REP008,70916.21,25746.28,10
2024-02,Southern Europe,Software,REP012,26059.81,14697.86,7
2024-02,Western Europe,Hardware,REP003,21924.89,12056.5,16
2024-02,Western Europe,Hardware,REP007,14767.07,7472.1,10
2024-02,Western Europe,Hardware,REP011,48438.59,26047.04,30
2024-02,Western Europe,Industrial,REP003,136137.96,64142.91,22
2024-02,Western Europe,Industrial,REP007,57876.28,28458.76,10
2024-02,Western Europe,Services,REP003,18882.5,10056.95,5
2024-02,Western Europe,Services,REP007,26325.67,14425.54,12
2024-02,Western Europe,Services,REP011,23270.22,12512.94,12
2024-02,Western Europe,Software,REP003,65546.17,30889.21,13
2024-02,Western Europe,Software,REP007,79594.76,32372.42,10
2024-02,Western Europe,Software,REP011,62366.29,25993.94,13
2024-03,DACH,Hardware,REP001,79363.08,38053.69,20
2024-03,DACH,Hardware,REP005,60356.73,27273.82,23
2024-03,DACH,Hardware,REP009,63540.08,33001.05,14
2024-03,DACH,Industrial,REP001,251359.19,135108.05,50
2024-03,DACH,Industrial,REP005,72842.38,34829.53,14
2024-03,DACH,Industrial,REP009,248163.61,108140.84,39
2024-03,DACH,Services,REP001,109954.0,52306.94,38
2024-03,DACH,Services,REP005,163206.21,78831.01,66
2024-03,DACH,Services,REP009,81689.9,37620.69,26
2024-03,DACH,Software,REP001,42509.04,20893.06,12
2024-03,DACH,Software,REP005,226279.29,102049.17,49
2024-03,DACH,Software,REP009,143380.02,67069.75,30
2024-03,Northern Europe,Hardware,REP002,105597.4,47248.65,29
2024-03,Northern Europe,Hardware,REP006,81240.13,37188.05,33
2024-03,Northern Europe,Hardware,REP010,12451.64,4604.1,3
2024-03,Northern Europe,Industrial,REP002,16982.45,8009.33,3
2024-03,Northern Europe,Industrial,REP006,38943.91,19372.71,7
2024-03,Northern Europe,Industrial,REP010,65094.6,32645.35,13
2024-03,Northern Europe,Services,REP002,131731.64,54169.66,45
2024-03,Northern Europe,Services,REP006,43476.61,19256.16,19
2024-03,Northern Europe,Services,REP010,4102.0,2093.72,1
2024-03,Northern Europe,Software,REP002,107153.02,42559.1,19
2024-03,Northern Europe,Software,REP006,146583.05,63525.23,30
2024-03,Northern Europe,Software,REP010,155404.22,70312.47,19
2024-03,Southern Europe,Hardware,REP004,4596.72,2123.6,1
2024-03,Southern Europe,Hardware,REP008,40249.91,19119.86,25
2024-03,Southern Europe,Hardware,REP012,98465.85,47112.9,22
2024-03,Southern Europe,Services,REP008,37697.45,21188.38,19
2024-03,Southern Europe,Services,REP012,59031.87,29376.16,22
2024-03,Southern Europe,Software,REP004,94567.65,38584.47,20
2024-03,Southern Europe,Software,REP008,110278.95,45744.84,16
2024-03,Southern Europe,Software,REP012,195211.11,82979.31,27
2024-03,Western Europe,Hardware,REP003,20276.85,9323.77,13
2024-03,Western Europe,Hardware,REP007,71792.47,36479.22,29
2024-03,Western Europe,Hardware,REP011,33511.96,17848.53,9
2024-03,Western Europe,Industrial,REP003,29196.4,12706.39,5
2024-03,Western Europe,Industrial,REP007,19968.59,8610.36,3
2024-03,Western Europe,Industrial,REP011,22297.9,11456.8,4
2024-03,Western Europe,Services,REP003,115139.73,52888.99,35
2024-03,Western Europe,Services,REP007,32848.79,17938.27,15
2024-03,Western Europe,Software,REP003,207346.09,111957.55,34
2024-03,Western Europe,Software,REP007,100083.51,46584.12,22
2024-03,Western Europe,Software,REP011,12060.45,6110.92,5
2024-04,DACH,Hardware,REP001,27059.41,14087.49,18
2024-04,DACH,Hardware,REP005,33858.27,18513.87,14
2024-04,DACH,Hardware,REP009,48521.76,22528.33,20
2024-04,DACH,Industrial,REP001,84005.12,43690.93,14
2024-04,DACH,Industrial,REP005,90699.91,52882.76,14
2024-04,DACH,Industrial,REP009,86624.35,41338.56,17
2024-04,DACH,Services,REP001,53708.79,29233.38,17
2024-04,DACH,Services,REP005,38118.62,21464.01,19
2024-04,DACH,Software,REP001,23406.81,13970.99,7
2024-04,DACH,Software,REP005,301964.24,152018.48,68
2024-04,DACH,Software,REP009,242217.88,127603.59,37
2024-04,Northern Europe,Hardware,REP002,43623.24,24695.96,16
2024-04,Northern Europe,Hardware,REP006,40840.99,19504.23,17
2024-04,Northern Europe,Hardware,REP010,96965.12,50356.78,24
2024-04,Northern Europe,Industrial,REP002,53972.92,23763.4,10
2024-04,Northern Europe,Industrial,REP006,34649.53,14396.58,6
2024-04,Northern Europe,Industrial,REP010,16794.76,9146.78,3
2024-04,Northern Europe,Services,REP002,13649.85,5522.27,4
2024-04,Northern Europe,Services,REP006,54838.39,34078.03,21
2024-04,Northern Europe,Services,REP010,76489.97,37493.1,26
2024-04,Northern Europe,Software,REP002,17711.18,8963.88,8
2024-04,Northern Europe,Software,REP006,87236.98,43777.93,19
2024-04,Northern Europe,Software,REP010,263555.77,135295.59,47
2024-04,Southern Europe,Hardware,REP004,46005.28,23318.95,10
2024-04,Southern Europe,Hardware,REP008,26323.25,14654.81,12
2024-04,Southern Europe,Hardware,REP012,19592.16,9529.37,13
2024-04,Southern Europe,Industrial,REP008,6138.4,2892.73,1
2024-04,Southern Europe,Industrial,REP012,85572.5,46092.28,14
2024-04,Southern Europe,Services,REP012,7195.52,4287.58,4
2024-04,Southern Europe,Software,REP004,57715.8,26865.97,11
2024-04,Southern Europe,Software,REP008,39594.48,24665.46,14
2024-04,Southern Europe,Software,REP012,35813.89,17682.04,7
2024-04,Western Europe,Hardware,REP007,10409.2,4879.81,7
2024-04,Western Europe,Hardware,REP011,4176.27,1906.15,3
2024-04,Western Europe,Industrial,REP003,60547.04,31272.89,11
2024-04,Western Europe,Industrial,REP007,87094.92,40765.0,13
2024-04,Western Europe,Industrial,REP011,28185.79,15294.81,6
2024-04,Western Europe,Services,REP003,24739.77,13138.43,9
2024-04,Western Europe,Services,REP007,9237.16,4943.39,5
2024-04,Western Europe,Services,REP011,58369.43,27827.63,17
2024-04,Western Europe,Software,REP003,90628.18,49791.4,18
2024-04,Western Europe,Software,REP007,94638.31,41175.52,16
2024-04,Western Europe,Software,REP011,58086.15,37253.5,24
2024-05,DACH,Hardware,REP001,52479.83,27159.26,28
2024-05,DACH,Hardware,REP005,62561.34,33983.53,16
2024-05,DACH,Hardware,REP009,98918.44,47094.59,37
2024-05,DACH,Industrial,REP005,86964.74,44012.5,15
2024-05,DACH,Industrial,REP009,73847.82,39917.06,13
2024-05,DACH,Services,REP001,80611.83,39731.67,30
2024-05,DACH,Services,REP005,25485.09,14794.93,11
2024-05,DACH,Services,REP009,109082.73,54127.33,39
2024-05,DACH,Software,REP001,115606.64,55011.02,19
2024-05,DACH,Software,REP005,215751.55,89000.48,43
2024-05,DACH,Software,REP009,292224.65,139918.0,57
2024-05,Northern Europe,Hardware,REP002,53883.51,32050.57,22
2024-05,Northern Europe,Hardware,REP006,60495.78,31153.63,34
2024-05,Northern Europe,Hardware,REP010,147115.03,77771.71,51
2024-05,Northern Europe,Industrial,REP006,44431.37,26269.1,8
2024-05,Northern Europe,Industrial,REP010,29397.93,14322.04,5
2024-05,Northern Europe,Services,REP002,7316.86,4199.08,3
2024-05,Northern Europe,Services,REP006,48363.87,25730.32,20
2024-05,Northern Europe,Services,REP010,34024.56,18046.66,13
2024-05,Northern Europe,Software,REP002,48823.46,28384.92,20
2024-05,Northern Europe,Software,REP006,47395.48,29078.44,21
2024-05,Northern Europe,Software,REP010,94822.5,42673.8,20
2024-05,Southern Europe,Hardware,REP008,57574.8,26677.36,13
2024-05,Southern Europe,Hardware,REP012,66389.95,34258.5,15
2024-05,Southern Europe,Industrial,REP004,156650.46,80184.77,31
2024-05,Southern Europe,Industrial,REP012,42867.27,18630.04,8
2024-05,Southern Europe,Services,REP004,36722.62,18534.28,17
2024-05,Southern Europe,Software,REP004,126726.37,75708.39,33
2024-05,Southern Europe,Software,REP008,66791.41,33462.53,9
2024-05,Southern Europe,Software,REP012,116274.53,42803.17,14
2024-05,Western Europe,Hardware,REP003,45050.02,20310.94,29
2024-05,Western Europe,Hardware,REP007,14137.4,7233.58,8
2024-05,Western Europe,Hardware,REP011,51025.31,26368.86,12
2024-05,Western Europe,Industrial,REP003,42835.81,22324.57,7
2024-05,Western Europe,Industrial,REP011,58716.13,31190.42,11
2024-05,Western Europe,Services,REP003,14885.94,7280.16,6
2024-05,Western Europe,Services,REP011,45522.96,21592.02,27
2024-05,Western Europe,Software,REP003,72160.17,34296.87,11
2024-05,Western Europe,Software,REP007,126485.0,60582.99,24
2024-05,Western Europe,Software,REP011,88442.15,40578.42,18
2024-06,DACH,Hardware,REP001,27197.01,13685.87,10
2024-06,DACH,Hardware,REP005,50859.83,26703.73,21
2024-06,DACH,Hardware,REP009,57532.69,32236.55,24
2024-06,DACH,Industrial,REP001,229415.48,112319.53,38
2024-06,DACH,Industrial,REP009,136747.37,70461.95,22
2024-06,DACH,Services,REP001,110551.73,60616.03,48
2024-06,DACH,Services,REP005,93344.42,40324.8,30
2024-06,DACH,Services,REP009,68102.41,33676.85,26
2024-06,DACH,Software,REP001,202263.28,88761.85,25
2024-06,DACH,Software,REP005,209501.44,106099.84,45
2024-06,DACH,Software,REP009,179460.38,83828.35,27
2024-06,Northern Europe,Hardware,REP002,19194.9,10702.11,12
2024-06,Northern Europe,Hardware,REP010,64922.8,36413.95,26
2024-06,Northern Europe,Industrial,REP002,13944.04,7417.07,2
2024-06,Northern Europe,Industrial,REP006,41009.4,21306.6,6
2024-06,Northern Europe,Industrial,REP010,203460.82,108007.45,38
2024-06,Northern Europe,Services,REP002,49101.88,21252.93,14
2024-06,Northern Europe,Services,REP006,77428.75,39618.58,29
2024-06,Northern Europe,Services,REP010,5393.38,2622.53,2
2024-06,Northern Europe,Software,REP002,188880.98,90720.37,38
2024-06,Northern Europe,Software,REP006,98373.65,46341.57,12
2024-06,Northern Europe,Software,REP010,85111.01,44037.28,19
2024-06,Southern Europe,Hardware,REP004,31551.19,16898.49,12
2024-06,Southern Europe,Hardware,REP008,32973.43,21023.71,17
2024-06,Southern Europe,Hardware,REP012,5291.57,2931.05,3
2024-06,Southern Europe,Industrial,REP004,17281.93,9961.34,3
2024-06,Southern Europe,Industrial,REP008,83650.44,42851.61,13
2024-06,Southern Europe,Industrial,REP012,50975.24,30362.27,9
2024-06,Southern Europe,Services,REP004,48139.47,25358.59,17
2024-06,Southern Europe,Services,REP008,57314.86,26158.86,22
2024-06,Southern Europe,Services,REP012,40776.82,19647.41,12
2024-06,Southern Europe,Software,REP004,20406.71,13712.43,6
2024-06,Southern Europe,Software,REP008,65357.77,20988.01,9
2024-06,Western Europe,Hardware,REP003,7526.23,4353.57,5
2024-06,Western Europe,Hardware,REP007,6513.36,3832.17,4
2024-06,Western Europe,Hardware,REP011,47685.63,22253.08,24
2024-06,Western Europe,Industrial,REP011,45817.78,23514.5,8
2024-06,Western Europe,Services,REP003,15428.29,7461.99,5
2024-06,Western Europe,Services,REP007,46035.29,22014.48,20
2024-06,Western Europe,Services,REP011,67361.42,39362.36,24
2024-06,Western Europe,Software,REP003,52967.56,25123.38,6
2024-06,Western Europe,Software,REP007,96209.29,45127.91,16
2024-06,Western Europe,Software,REP011,145487.1,75421.7,30
2024-07,DACH,Hardware,REP001,61860.46,33991.27,31
2024-07,DACH,Hardware,REP005,53152.59,30272.84,31
2024-07,DACH,Hardware,REP009,16822.45,9326.51,10
2024-07,DACH,Industrial,REP001,122925.92,60127.44,19
2024-07,DACH,Industrial,REP005,104744.93,60164.18,21
2024-07,DACH,Industrial,REP009,76134.16,44081.84,14
2024-07,DACH,Services,REP001,90920.59,45625.95,27
2024-07,DACH,Services,REP005,3823.56,1923.25,1
2024-07,DACH,Services,REP009,37728.76,21889.73,15
2024-07,DACH,Software,REP001,216988.28,116187.76,53
2024-07,DACH,Software,REP005,170187.41,73242.05,26
2024-07,DACH,Software,REP009,323114.07,144172.26,50
2024-07,Northern Europe,Hardware,REP002,88831.04,35381.08,20
2024-07,Northern Europe,Hardware,REP006,59257.12,34211.34,32
2024-07,Northern Europe,Industrial,REP002,45207.89,20184.67,8
2024-07,Northern Europe,Industrial,REP006,96979.31,47510.72,16
2024-07,Northern Europe,Industrial,REP010,96480.23,56564.45,18
2024-07,Northern Europe,Services,REP002,15870.65,7291.72,8
2024-07,Northern Europe,Services,REP006,37381.64,17668.17,17
2024-07,Northern Europe,Services,REP010,73434.02,35576.16,30
2024-07,Northern Europe,Software,REP002,109595.35,46333.91,14
2024-07,Northern Europe,Software,REP006,191031.43,80679.75,23
2024-07,Northern Europe,Software,REP010,15192.46,8191.1,5
2024-07,Southern Europe,Hardware,REP008,24964.74,13894.62,14
2024-07,Southern Europe,Hardware,REP012,9120.49,5258.24,6
2024-07,Southern Europe,Industrial,REP008,113622.07,57998.6,17
2024-07,Southern Europe,Services,REP004,60776.32,33057.71,21
2024-07,Southern Europe,Services,REP012,11572.39,6931.29,5
2024-07,Southern Europe,Software,REP004,47182.88,25777.84,11
2024-07,Southern Europe,Software,REP008,59870.23,28119.18,7
2024-07,Southern Europe,Software,REP012,86761.8,42109.5,11
2024-07,Western Europe,Hardware,REP003,49770.43,24004.29,14
2024-07,Western Europe,Hardware,REP011,43857.35,24249.62,21
2024-07,Western Europe,Industrial,REP003,53646.07,24939.39,8
2024-07,Western Europe,Industrial,REP007,17341.2,8673.98,3
2024-07,Western Europe,Services,REP003,48498.77,28477.04,17
2024-07,Western Europe,Services,REP007,20607.39,11015.59,7
2024-07,Western Europe,Services,REP011,66434.48,35211.41,28
2024-07,Western Europe,Software,REP003,104670.02,60444.14,26
2024-07,Western Europe,Software,REP007,17833.02,10626.69,5
2024-07,Western Europe,Software,REP011,114112.11,60339.12,29
2024-08,DACH,Hardware,REP001,23357.94,13557.77,5
2024-08,DACH,Hardware,REP005,51904.45,27426.04,21
2024-08,DACH,Hardware,REP009,31648.93,18692.52,9
2024-08,DACH,Industrial,REP001,111387.52,55877.74,16
2024-08,DACH,Industrial,REP005,120378.89,69153.85,20
2024-08,DACH,Industrial,REP009,86295.17,49617.54,17
2024-08,DACH,Services,REP001,53183.12,25842.01,15
2024-08,DACH,Services,REP005,77688.39,38613.61,24
2024-08,DACH,Services,REP009,32029.85,16062.74,11
2024-08,DACH,Software,REP001,234899.35,112026.82,44
2024-08,DACH,Software,REP005,91678.25,53717.15,21
2024-08,DACH,Software,REP009,238737.81,116726.63,39
2024-08,Northern Europe,Hardware,REP002,214337.05,98142.46,57
2024-08,Northern Europe,Hardware,REP006,27562.38,14476.2,11
2024-08,Northern Europe,Hardware,REP010,35417.27,19348.68,16
2024-08,Northern Europe,Industrial,REP002,118711.49,60410.77,18
2024-08,Northern Europe,Industrial,REP006,160927.52,90034.22,28
2024-08,Northern Europe,Industrial,REP010,140885.38,82396.12,22
2024-08,Northern Europe,Services,REP002,161418.3,71570.8,55
2024-08,Northern Europe,Services,REP006,57180.89,31199.47,15
2024-08,Northern Europe,Services,REP010,57317.09,29940.62,17
2024-08,Northern Europe,Software,REP002,72766.89,49413.88,26
2024-08,Northern Europe,Software,REP006,23331.43,11564.3,9
2024-08,Northern Europe,Software,REP010,115932.43,62416.05,25
2024-08,Southern Europe,Hardware,REP004,32718.11,18757.09,7
2024-08,Southern Europe,Hardware,REP008,37478.73,20465.4,16
2024-08,Southern Europe,Hardware,REP012,63689.09,31745.54,19
2024-08,Southern Europe,Industrial,REP004,158027.38,69815.01,25
2024-08,Southern Europe,Industrial,REP012,56261.71,28219.94,9
2024-08,Southern Europe,Services,REP008,77214.39,40191.96,24
2024-08,Southern Europe,Services,REP012,41663.38,18161.65,14
2024-08,Southern Europe,Software,REP004,17942.79,10825.62,7
2024-08,Southern Europe,Software,REP008,38954.94,19532.26,9
2024-08,Southern Europe,Software,REP012,30343.94,16843.14,11
2024-08,Western Europe,Hardware,REP003,47324.75,29692.71,32
2024-08,Western Europe,Hardware,REP007,22038.11,12989.98,9
2024-08,Western Europe,Hardware,REP011,7952.71,3946.05,5
2024-08,Western Europe,Industrial,REP003,114372.81,56527.62,16
2024-08,Western Europe,Industrial,REP007,109242.72,65619.65,21
2024-08,Western Europe,Industrial,REP011,67407.44,42084.18,12
2024-08,Western Europe,Services,REP003,20209.72,9051.11,5
2024-08,Western Europe,Services,REP007,4637.59,2622.4,2
2024-08,Western Europe,Services,REP011,57933.9,29792.67,20
2024-08,Western Europe,Software,REP007,109278.37,67672.28,15
2024-08,Western Europe,Software,REP011,269019.18,128344.78,41
2024-09,DACH,Hardware,REP001,19618.36,10480.61,11
2024-09,DACH,Hardware,REP005,76623.49,42073.47,30
2024-09,DACH,Hardware,REP009,64458.31,32686.67,18
2024-09,DACH,Industrial,REP001,123008.53,66996.08,18
2024-09,DACH,Industrial,REP005,52008.88,27917.06,11
2024-09,DACH,Industrial,REP009,47764.66,27569.77,9
2024-09,DACH,Services,REP001,33518.31,17422.36,13
2024-09,DACH,Services,REP005,53852.6,25653.3,15
2024-09,DACH,Services,REP009,20346.81,10193.12,5
2024-09,DACH,Software,REP001,181346.86,97877.3,44
2024-09,DACH,Software,REP005,241018.11,134222.35,35
2024-09,DACH,Software,REP009,148506.2,65234.96,37
2024-09,Northern Europe,Hardware,REP002,106291.75,53253.35,32
2024-09,Northern Europe,Hardware,REP006,99441.79,49673.3,28
2024-09,Northern Europe,Hardware,REP010,22183.85,10110.13,5
2024-09,Northern Europe,Industrial,REP002,41824.63,22518.95,8
2024-09,Northern Europe,Industrial,REP006,12024.68,6748.8,2
2024-09,Northern Europe,Industrial,REP010,154340.19,88418.01,27
2024-09,Northern Europe,Services,REP002,52514.3,24097.53,18
2024-09,Northern Europe,Services,REP006,71262.65,35890.85,21
2024-09,Northern Europe,Services,REP010,42941.78,21848.59,15
2024-09,Northern Europe,Software,REP002,59397.76,28934.15,11
2024-09,Northern Europe,Software,REP010,161561.83,76086.93,22
2024-09,Southern Europe,Hardware,REP004,14463.12,7815.22,8
2024-09,Southern Europe,Hardware,REP008,30437.74,15236.13,11
2024-09,Southern Europe,Hardware,REP012,12927.65,7293.83,3
2024-09,Southern Europe,Industrial,REP004,117813.34,66624.97,19
2024-09,Southern Europe,Industrial,REP008,148636.36,76648.02,23
2024-09,Southern Europe,Services,REP004,35907.54,20040.35,14
2024-09,Southern Europe,Services,REP008,18767.05,10195.1,5
2024-09,Southern Europe,Services,REP012,19901.84,11021.01,5
2024-09,Southern Europe,Software,REP004,83377.17,31925.29,9
2024-09,Southern Europe,Software,REP008,63303.59,34237.55,16
2024-09,Southern Europe,Software,REP012,34850.42,16508.71,5
2024-09,Western Europe,Hardware,REP003,54797.86,32015.33,17
2024-09,Western Europe,Hardware,REP011,106908.2,53834.57,33
2024-09,Western Europe,Industrial,REP003,42969.29,22033.68,7
2024-09,Western Europe,Industrial,REP007,31626.92,16075.98,6
2024-09,Western Europe,Industrial,REP011,56863.66,28098.37,10
2024-09,Western Europe,Services,REP003,77587.14,36590.62,23
2024-09,Western Europe,Services,REP007,23728.0,11741.41,10
2024-09,Western Europe,Services,REP011,39363.46,17742.77,12
2024-09,Western Europe,Software,REP003,57195.36,27170.74,11
2024-09,Western Europe,Software,REP007,4693.37,2757.46,2
2024-09,Western Europe,Software,REP011,155703.33,77164.32,45
2024-10,DACH,Hardware,REP001,47928.41,26192.75,26
2024-10,DACH,Hardware,REP005,9622.09,4753.0,2
2024-10,DACH,Industrial,REP001,115500.01,60340.82,16
2024-10,DACH,Industrial,REP005,194494.55,92376.73,30
2024-10,DACH,Industrial,REP009,170420.76,91021.12,29
2024-10,DACH,Services,REP001,127466.76,68992.67,35
2024-10,DACH,Services,REP005,103320.53,52657.65,41
2024-10,DACH,Services,REP009,110431.3,57506.67,39
2024-10,DACH,Software,REP001,346525.66,180441.71,55
2024-10,DACH,Software,REP005,105838.23,55181.35,30
2024-10,DACH,Software,REP009,256069.6,123329.22,34
2024-10,Northern Europe,Hardware,REP002,36684.87,21421.1,22
2024-10,Northern Europe,Hardware,REP006,44365.71,26858.62,17
2024-10,Northern Europe,Hardware,REP010,50186.45,25649.53,19
2024-10,Northern Europe,Industrial,REP002,5486.24,2768.19,1
2024-10,Northern Europe,Industrial,REP006,17231.18,9066.95,3
2024-10,Northern Europe,Industrial,REP010,27182.46,13034.84,4
2024-10,Northern Europe,Services,REP002,75249.04,44299.63,28
2024-10,Northern Europe,Services,REP006,66263.89,31550.35,24
2024-10,Northern Europe,Services,REP010,35658.34,19074.46,17
2024-10,Northern Europe,Software,REP002,42043.59,26671.94,14
2024-10,Northern Europe,Software,REP006,179401.85,74204.12,23
2024-10,Northern Europe,Software,REP010,42882.44,24566.15,15
2024-10,Southern Europe,Hardware,REP004,7990.18,4391.22,5
2024-10,Southern Europe,Hardware,REP008,72287.6,38081.59,18
2024-10,Southern Europe,Hardware,REP012,39180.21,23623.52,12
2024-10,Southern Europe,Industrial,REP004,23338.11,12766.11,4
2024-10,Southern Europe,Industrial,REP008,28520.42,15453.24,5
2024-10,Southern Europe,Services,REP004,75000.07,42575.29,34
2024-10,Southern Europe,Services,REP008,34963.75,18115.95,13
2024-10,Southern Europe,Services,REP012,24409.73,14727.51,14
2024-10,Southern Europe,Software,REP004,114895.35,41811.83,11
2024-10,Southern Europe,Software,REP008,84786.27,40431.97,15
2024-10,Southern Europe,Software,REP012,71627.84,43055.15,11
2024-10,Western Europe,Hardware,REP003,82464.79,37646.77,22
2024-10,Western Europe,Hardware,REP007,19249.49,9871.44,11
2024-10,Western Europe,Hardware,REP011,24380.5,14327.87,14
2024-10,Western Europe,Industrial,REP003,20467.54,9568.41,3
2024-10,Western Europe,Industrial,REP007,16566.62,9822.7,3
2024-10,Western Europe,Industrial,REP011,73545.9,37570.62,12
2024-10,Western Europe,Services,REP003,58330.78,37461.23,29
2024-10,Western Europe,Services,REP007,35691.51,18139.31,11
2024-10,Western Europe,Services,REP011,21152.07,10348.21,9
2024-10,Western Europe,Software,REP003,120577.69,55818.71,21
2024-10,Western Europe,Software,REP007,116385.31,55268.97,21
2024-10,Western Europe,Software,REP011,260334.38,125490.83,41
2024-11,DACH,Hardware,REP001,92261.59,46445.77,38
2024-11,DACH,Hardware,REP005,119780.8,71355.38,40
2024-11,DACH,Hardware,REP009,63394.3,35135.61,21
2024-11,DACH,Industrial,REP001,175420.26,85490.44,28
2024-11,DACH,Industrial,REP005,19472.95,11731.91,3
2024-11,DACH,Industrial,REP009,164029.15,87038.66,24
2024-11,DACH,Services,REP001,108842.46,67191.98,48
2024-11,DACH,Services,REP005,87343.86,47782.85,30
2024-11,DACH,Services,REP009,59126.41,29172.14,22
2024-11,DACH,Software,REP001,37100.21,22609.15,15
2024-11,DACH,Software,REP005,158656.94,74570.44,28
2024-11,DACH,Software,REP009,145766.89,89259.25,45
2024-11,Northern Europe,Hardware,REP006,16885.28,7628.14,8
2024-11,Northern Europe,Hardware,REP010,52518.25,30384.26,28
2024-11,Northern Europe,Industrial,REP002,123653.61,51414.91,18
2024-11,Northern Europe,Industrial,REP006,49281.27,29823.53,9
2024-11,Northern Europe,Industrial,REP010,97630.56,48060.05,16
2024-11,Northern Europe,Services,REP002,3843.96,1943.41,1
2024-11,Northern Europe,Services,REP006,55176.49,30674.02,15
2024-11,Northern Europe,Services,REP010,132077.79,64758.48,36
2024-11,Northern Europe,Software,REP002,119253.6,61721.48,18
2024-11,Northern Europe,Software,REP006,265159.44,126030.93,47
2024-11,Northern Europe,Software,REP010,137461.8,68097.38,23
2024-11,Southern Europe,Hardware,REP004,10504.16,5548.14,6
2024-11,Southern Europe,Hardware,REP008,32187.36,17330.4,19
2024-11,Southern Europe,Hardware,REP012,24155.43,13101.04,5
2024-11,Southern Europe,Industrial,REP008,40591.51,20826.26,6
2024-11,Southern Europe,Industrial,REP012,49968.67,26830.35,9
2024-11,Southern Europe,Services,REP004,24512.93,12533.67,10
2024-11,Southern Europe,Services,REP008,74472.38,49491.2,22
2024-11,Southern Europe,Services,REP012,7900.03,4911.26,4
2024-11,Southern Europe,Software,REP004,84217.42,38977.5,8
2024-11,Southern Europe,Software,REP008,57764.37,32602.51,22
2024-11,Southern Europe,Software,REP012,58418.97,35192.66,11
2024-11,Western Europe,Hardware,REP003,25519.58,14215.52,14
2024-11,Western Europe,Hardware,REP007,40379.78,25053.12,9
2024-11,Western Europe,Hardware,REP011,27043.04,14903.38,7
2024-11,Western Europe,Industrial,REP003,34967.36,17449.23,6
2024-11,Western Europe,Services,REP003,49632.41,26221.47,19
2024-11,Western Europe,Services,REP007,78231.72,44303.62,33
2024-11,Western Europe,Services,REP011,19434.03,10566.91,8
2024-11,Western Europe,Software,REP003,169195.64,74019.13,23
2024-11,Western Europe,Software,REP007,64940.35,30105.06,9
2024-11,Western Europe,Software,REP011,131238.37,58409.37,22
2024-12,DACH,Hardware,REP001,93220.49,57979.69,42
2024-12,DACH,Hardware,REP005,73887.93,40249.44,39
2024-12,DACH,Hardware,REP009,71239.08,41362.34,24
2024-12,DACH,Industrial,REP001,144936.63,80774.97,23
2024-12,DACH,Industrial,REP005,126938.72,70352.45,19
2024-12,DACH,Industrial,REP009,248353.98,143144.04,41
2024-12,DACH,Services,REP001,97457.59,51690.59,34
2024-12,DACH,Services,REP005,71064.16,45730.24,25
2024-12,DACH,Services,REP009,110690.91,58645.14,27
2024-12,DACH,Software,REP001,98969.46,52585.32,18
2024-12,DACH,Software,REP005,206341.47,92924.98,29
2024-12,DACH,Software,REP009,190789.92,116733.21,31
2024-12,Northern Europe,Hardware,REP002,50257.58,30653.13,16
2024-12,Northern Europe,Hardware,REP006,39879.07,21306.47,14
2024-12,Northern Europe,Hardware,REP010,67599.09,38148.65,26
2024-12,Northern Europe,Industrial,REP002,18893.58,10819.76,3
2024-12,Northern Europe,Industrial,REP006,49062.45,25798.37,9
2024-12,Northern Europe,Industrial,REP010,208111.68,115269.87,31
2024-12,Northern Europe,Services,REP002,52918.94,28382.9,15
2024-12,Northern Europe,Services,REP006,23089.36,12974.27,8
2024-12,Northern Europe,Services,REP010,37333.53,19357.61,13
2024-12,Northern Europe,Software,REP002,162167.5,94010.91,30
2024-12,Northern Europe,Software,REP006,117665.19,58164.85,18
2024-12,Northern Europe,Software,REP010,103612.34,55936.13,21
2024-12,Southern Europe,Hardware,REP004,11069.4,5970.06,7
2024-12,Southern Europe,Hardware,REP008,42128.9,23796.9,8
2024-12,Southern Europe,Industrial,REP004,13098.46,7785.61,2
2024-12,Southern Europe,Industrial,REP008,74435.75,42766.0,13
2024-12,Southern Europe,Industrial,REP012,22763.71,12165.05,3
2024-12,Southern Europe,Services,REP004,12355.22,6740.81,6
2024-12,Southern Europe,Services,REP008,22528.44,14432.06,12
2024-12,Southern Europe,Services,REP012,15499.88,8854.46,5
2024-12,Southern Europe,Software,REP004,261076.53,131857.94,45
2024-12,Southern Europe,Software,REP008,98588.18,44548.61,12
2024-12,Western Europe,Hardware,REP003,37817.88,18468.17,12
2024-12,Western Europe,Hardware,REP007,34111.26,18239.08,17
2024-12,Western Europe,Hardware,REP011,25786.06,14991.79,15
2024-12,Western Europe,Industrial,REP003,29901.43,18913.14,5
2024-12,Western Europe,Services,REP003,55102.3,33053.17,20
2024-12,Western Europe,Services,REP007,54735.07,31048.95,16
2024-12,Western Europe,Services,REP011,14547.24,8874.24,5
2024-12,Western Europe,Software,REP003,10396.11,7727.35,3
2024-12,Western Europe,Software,REP007,40854.28,23405.39,12
2024-12,Western Europe,Software,REP011,99579.23,54965.81,13
2025-01,DACH,Hardware,REP001,73927.15,40592.46,28
2025-01,DACH,Hardware,REP005,36742.55,23880.44,22
2025-01,DACH,Hardware,REP009,31185.65,18129.48,10
2025-01,DACH,Industrial,REP001,95758.61,48807.71,14
2025-01,DACH,Industrial,REP005,24236.84,16102.61,4
2025-01,DACH,Industrial,REP009,181201.54,98758.27,27
2025-01,DACH,Services,REP001,92255.76,47560.13,28
2025-01,DACH,Services,REP005,31501.52,18216.72,12
2025-01,DACH,Services,REP009,56834.77,28980.9,18
2025-01,DACH,Software,REP001,149764.58,79114.05,27
2025-01,DACH,Software,REP005,242441.15,124270.2,39
2025-01,DACH,Software,REP009,259882.46,150596.61,39
2025-01,Northern Europe,Hardware,REP002,51345.33,28997.67,11
2025-01,Northern Europe,Hardware,REP006,10002.32,5472.74,7
2025-01,Northern Europe,Hardware,REP010,83161.36,38991.65,32
2025-01,Northern Europe,Industrial,REP002,163032.18,88606.73,30
2025-01,Northern Europe,Industrial,REP006,37659.3,18510.27,8
2025-01,Northern Europe,Industrial,REP010,159050.4,81187.61,26
2025-01,Northern Europe,Services,REP002,52844.87,26240.01,14
2025-01,Northern Europe,Services,REP006,34560.3,19224.03,15
2025-01,Northern Europe,Services,REP010,35869.01,16740.25,13
2025-01,Northern Europe,Software,REP002,155984.78,79421.91,25
2025-01,Northern Europe,Software,REP010,275184.06,116420.71,33
2025-01,Southern Europe,Hardware,REP004,22395.5,10298.33,6
2025-01,Southern Europe,Hardware,REP008,5475.17,2751.72,1
2025-01,Southern Europe,Hardware,REP012,61425.15,34654.72,18
2025-01,Southern Europe,Industrial,REP008,37397.72,19483.47,7
2025-01,Southern Europe,Industrial,REP012,62783.39,33130.2,11
2025-01,Southern Europe,Services,REP004,39739.93,21412.93,17
2025-01,Southern Europe,Software,REP004,91734.31,44848.92,20
2025-01,Southern Europe,Software,REP008,13382.97,7273.24,7
2025-01,Southern Europe,Software,REP012,6659.84,4190.62,2
2025-01,Western Europe,Hardware,REP003,26894.02,14541.63,6
2025-01,Western Europe,Hardware,REP007,31682.03,18107.15,16
2025-01,Western Europe,Hardware,REP011,53841.92,28953.98,35
2025-01,Western Europe,Industrial,REP003,70138.72,38018.76,12
2025-01,Western Europe,Industrial,REP007,12321.35,5873.16,2
2025-01,Western Europe,Industrial,REP011,56687.99,34139.19,9
2025-01,Western Europe,Services,REP003,14542.62,9705.62,5
2025-01,Western Europe,Services,REP007,19925.71,10568.54,10
2025-01,Western Europe,Services,REP011,31519.56,15262.08,10
2025-01,Western Europe,Software,REP003,19826.89,13848.03,6
2025-01,Western Europe,Software,REP007,129538.17,68869.3,25
2025-01,Western Europe,Software,REP011,15044.38,8998.75,4
2025-02,DACH,Hardware,REP001,86180.45,42079.9,36
2025-02,DACH,Hardware,REP005,23439.81,11151.7,11
2025-02,DACH,Hardware,REP009,69940.31,33825.81,25
2025-02,DACH,Industrial,REP001,215408.32,113904.33,32
2025-02,DACH,Industrial,REP005,110881.29,65508.39,16
2025-02,DACH,Industrial,REP009,131477.33,77328.44,22
2025-02,DACH,Services,REP001,76803.03,46925.32,25
2025-02,DACH,Services,REP005,29358.23,17844.81,8
2025-02,DACH,Services,REP009,11352.65,6697.39,5
2025-02,DACH,Software,REP001,376933.48,213350.1,73
2025-02,DACH,Software,REP005,252867.9,141599.01,53
2025-02,DACH,Software,REP009,200375.4,97802.66,25
2025-02,Northern Europe,Hardware,REP002,66519.96,35453.69,25
2025-02,Northern Europe,Hardware,REP006,128641.3,64887.46,42
2025-02,Northern Europe,Hardware,REP010,39827.75,22470.7,19
2025-02,Northern Europe,Industrial,REP010,56633.7,35770.06,10
2025-02,Northern Europe,Services,REP002,56402.47,31963.62,20
2025-02,Northern Europe,Services,REP006,57138.98,33538.32,18
2025-02,Northern Europe,Services,REP010,16075.85,8796.71,8
2025-02,Northern Europe,Software,REP002,198838.25,104567.67,37
2025-02,Northern Europe,Software,REP006,158468.66,81989.43,21
2025-02,Northern Europe,Software,REP010,67383.89,31059.91,12
2025-02,Southern Europe,Hardware,REP004,21307.85,11509.25,5
2025-02,Southern Europe,Hardware,REP008,9174.61,5814.43,4
2025-02,Southern Europe,Hardware,REP012,35642.21,19880.27,18
2025-02,Southern Europe,Industrial,REP004,207710.43,108336.33,31
2025-02,Southern Europe,Industrial,REP012,56190.7,27258.66,8
2025-02,Southern Europe,Services,REP004,26474.98,14905.99,11
2025-02,Southern Europe,Services,REP008,40095.04,23216.41,11
2025-02,Southern Europe,Services,REP012,13697.57,7623.56,4
2025-02,Southern Europe,Software,REP004,190323.11,109426.64,24
2025-02,Southern Europe,Software,REP008,80949.29,42938.64,12
2025-02,Southern Europe,Software,REP012,90297.75,52487.28,20
2025-02,Western Europe,Hardware,REP003,20005.56,10965.8,10
2025-02,Western Europe,Hardware,REP011,64216.67,34296.04,18
2025-02,Western Europe,Industrial,REP007,124235.19,76836.15,21
2025-02,Western Europe,Industrial,REP011,67207.52,31308.93,12
2025-02,Western Europe,Services,REP003,17020.52,10359.15,8
2025-02,Western Europe,Services,REP007,17923.92,9221.49,8
2025-02,Western Europe,Services,REP011,4055.48,1865.87,1
2025-02,Western Europe,Software,REP003,104152.77,60415.63,20
2025-02,Western Europe,Software,REP007,59714.11,29821.31,11
2025-02,Western Europe,Software,REP011,92370.67,47778.8,15
2025-03,DACH,Hardware,REP001,83076.53,47720.95,32
2025-03,DACH,Hardware,REP005,61801.1,32999.69,25
2025-03,DACH,Hardware,REP009,79551.55,43360.45,23
2025-03,DACH,Industrial,REP001,121728.01,70339.51,17
2025-03,DACH,Industrial,REP005,21726.35,11946.53,3
2025-03,DACH,Industrial,REP009,110222.82,59084.47,16
2025-03,DACH,Services,REP001,217934.72,108909.41,66
2025-03,DACH,Services,REP005,83456.4,45311.34,22
2025-03,DACH,Services,REP009,65579.3,37001.47,19
2025-03,DACH,Software,REP001,381433.55,216374.79,62
2025-03,DACH,Software,REP005,187742.19,93832.7,30
2025-03,DACH,Software,REP009,155030.12,78299.39,25
2025-03,Northern Europe,Hardware,REP002,21846.36,14662.64,12
2025-03,Northern Europe,Hardware,REP006,33938.56,20065.84,14
2025-03,Northern Europe,Hardware,REP010,61623.69,33086.45,22
2025-03,Northern Europe,Industrial,REP002,18084.13,10372.62,3
2025-03,Northern Europe,Industrial,REP006,30477.78,17127.27,4
2025-03,Northern Europe,Services,REP002,43517.15,26923.99,14
2025-03,Northern Europe,Services,REP006,49153.05,27026.57,15
2025-03,Northern Europe,Services,REP010,57926.68,37301.97,22
2025-03,Northern Europe,Software,REP006,354862.75,184672.01,84
2025-03,Northern Europe,Software,REP010,117395.56,60268.41,21
2025-03,Southern Europe,Hardware,REP004,25288.06,15676.62,10
2025-03,Southern Europe,Hardware,REP008,36909.23,22931.46,21
2025-03,Southern Europe,Hardware,REP012,20086.46,13108.26,6
2025-03,Southern Europe,Industrial,REP008,138338.45,67905.01,22
2025-03,Southern Europe,Industrial,REP012,80741.67,44127.81,13
2025-03,Southern Europe,Services,REP004,34579.33,18154.26,9
2025-03,Southern Europe,Services,REP008,84167.15,47253.42,26
2025-03,Southern Europe,Services,REP012,2213.39,1382.61,1
2025-03,Southern Europe,Software,REP004,235520.26,117670.79,29
2025-03,Southern Europe,Software,REP008,8267.99,4922.11,2
2025-03,Southern Europe,Software,REP012,178509.98,93762.46,22
2025-03,Western Europe,Hardware,REP003,82983.61,39926.2,26
2025-03,Western Europe,Hardware,REP007,15461.0,9181.31,8
2025-03,Western Europe,Hardware,REP011,62318.53,31718.92,32
2025-03,Western Europe,Industrial,REP003,37553.76,21036.7,6
2025-03,Western Europe,Industrial,REP007,154132.11,74548.05,21
2025-03,Western Europe,Industrial,REP011,98995.34,50613.09,12
2025-03,Western Europe,Services,REP003,46355.78,25671.99,14
2025-03,Western Europe,Services,REP007,91683.89,56898.47,32
2025-03,Western Europe,Services,REP011,44847.67,26512.16,21
2025-03,Western Europe,Software,REP003,191932.52,99245.02,43
2025-03,Western Europe,Software,REP007,64131.4,41679.37,15
2025-03,Western Europe,Software,REP011,90150.52,51233.1,22
2025-04,DACH,Hardware,REP001,109556.99,61390.54,44
2025-04,DACH,Hardware,REP005,37042.13,23033.73,22
2025-04,DACH,Hardware,REP009,40306.79,21710.57,11
2025-04,DACH,Industrial,REP001,134357.21,73482.23,20
2025-04,DACH,Industrial,REP005,47475.07,27125.76,7
2025-04,DACH,Industrial,REP009,232285.84,136614.2,41
2025-04,DACH,Services,REP001,67199.47,37568.58,22
2025-04,DACH,Services,REP005,73123.78,44607.33,32
2025-04,DACH,Services,REP009,111817.5,63487.31,34
2025-04,DACH,Software,REP001,165100.83,83156.83,33
2025-04,DACH,Software,REP005,201240.17,102091.83,25
2025-04,DACH,Software,REP009,58431.56,37152.37,18
2025-04,Northern Europe,Hardware,REP002,61578.42,30764.74,12
2025-04,Northern Europe,Hardware,REP006,17505.66,10523.18,4
2025-04,Northern Europe,Hardware,REP010,19323.93,9778.49,5
2025-04,Northern Europe,Industrial,REP002,126098.28,72187.64,17
2025-04,Northern Europe,Industrial,REP006,138025.16,78032.23,18
2025-04,Northern Europe,Services,REP002,99512.7,50593.97,27
2025-04,Northern Europe,Services,REP006,30491.21,15933.85,8
2025-04,Northern Europe,Services,REP010,34986.16,20430.1,16
2025-04,Northern Europe,Software,REP002,47057.88,20981.67,5
2025-04,Northern Europe,Software,REP006,10122.28,5421.28,1
2025-04,Northern Europe,Software,REP010,141754.11,77941.8,23
2025-04,Southern Europe,Hardware,REP004,119400.32,64507.67,42
2025-04,Southern Europe,Hardware,REP008,31745.25,18735.36,17
2025-04,Southern Europe,Hardware,REP012,42557.8,25223.91,22
2025-04,Southern Europe,Industrial,REP004,28197.39,15584.3,4
2025-04,Southern Europe,Industrial,REP008,129420.99,77681.76,22
2025-04,Southern Europe,Industrial,REP012,221348.83,123438.25,33
2025-04,Southern Europe,Services,REP004,28320.49,16617.32,8
2025-04,Southern Europe,Services,REP008,15415.37,9514.33,5
2025-04,Southern Europe,Services,REP012,23789.9,13619.82,8
2025-04,Southern Europe,Software,REP004,79255.78,44782.39,12
2025-04,Southern Europe,Software,REP008,103408.5,53744.72,11
2025-04,Southern Europe,Software,REP012,221984.07,109097.34,33
2025-04,Western Europe,Hardware,REP003,60165.41,31161.41,19
2025-04,Western Europe,Hardware,REP007,28036.16,13955.24,5
2025-04,Western Europe,Hardware,REP011,11189.14,5821.47,2
2025-04,Western Europe,Industrial,REP007,61621.99,33965.08,10
2025-04,Western Europe,Services,REP003,49240.49,28728.59,17
2025-04,Western Europe,Services,REP007,8231.9,4453.35,4
2025-04,Western Europe,Services,REP011,72210.52,34426.9,18
2025-04,Western Europe,Software,REP003,18490.36,12846.55,5
2025-04,Western Europe,Software,REP007,268235.2,105450.04,33
2025-04,Western Europe,Software,REP011,72138.71,36181.79,8
2025-05,DACH,Hardware,REP001,95725.27,50617.55,30
2025-05,DACH,Hardware,REP005,51385.87,28738.04,18
2025-05,DACH,Hardware,REP009,54748.44,33334.3,30
2025-05,DACH,Industrial,REP001,132979.79,80449.84,22
2025-05,DACH,Industrial,REP005,38874.73,21930.23,6
2025-05,DACH,Industrial,REP009,161301.51,90600.45,23
2025-05,DACH,Services,REP001,96226.52,55486.77,33
2025-05,DACH,Services,REP005,90093.72,54988.77,31
2025-05,DACH,Services,REP009,140953.68,84846.77,48
2025-05,DACH,Software,REP001,105311.98,57272.77,21
2025-05,DACH,Software,REP005,169779.25,91710.8,29
2025-05,DACH,Software,REP009,342388.06,192730.28,40
2025-05,Northern Europe,Hardware,REP002,39681.53,23055.06,18
2025-05,Northern Europe,Hardware,REP006,33844.49,20281.01,22
2025-05,Northern Europe,Hardware,REP010,21970.73,11987.23,4
2025-05,Northern Europe,Industrial,REP002,11836.01,8175.18,2
2025-05,Northern Europe,Industrial,REP006,69048.38,42830.67,10
2025-05,Northern Europe,Industrial,REP010,59087.42,33635.51,8
2025-05,Northern Europe,Services,REP002,19367.68,10453.29,7
2025-05,Northern Europe,Services,REP006,21664.72,11881.26,8
2025-05,Northern Europe,Services,REP010,91661.85,47993.52,24
2025-05,Northern Europe,Software,REP002,236109.1,121860.8,29
2025-05,Northern Europe,Software,REP006,183016.58,100198.83,25
2025-05,Northern Europe,Software,REP010,266757.47,131926.02,44
2025-05,Southern Europe,Hardware,REP004,13415.63,8394.83,7
2025-05,Southern Europe,Hardware,REP008,14941.51,8936.39,7
2025-05,Southern Europe,Hardware,REP012,43312.72,25965.65,13
2025-05,Southern Europe,Industrial,REP004,57853.0,29868.05,8
2025-05,Southern Europe,Industrial,REP008,82299.14,49370.85,12
2025-05,Southern Europe,Services,REP004,25501.3,16156.87,6
2025-05,Southern Europe,Services,REP008,28235.09,15653.72,10
2025-05,Southern Europe,Services,REP012,18849.9,9925.62,4
2025-05,Southern Europe,Software,REP004,53055.84,30110.63,16
2025-05,Southern Europe,Software,REP008,4150.54,2353.69,1
2025-05,Southern Europe,Software,REP012,21908.3,12272.53,9
2025-05,Western Europe,Hardware,REP007,21666.76,13260.34,4
2025-05,Western Europe,Hardware,REP011,7265.86,4207.94,5
2025-05,Western Europe,Industrial,REP007,71417.05,33648.22,10
2025-05,Western Europe,Industrial,REP011,138610.72,90886.11,20
2025-05,Western Europe,Services,REP003,10398.84,5750.09,5
2025-05,Western Europe,Services,REP007,11614.51,7368.58,4
2025-05,Western Europe,Services,REP011,53500.16,30864.03,20
2025-05,Western Europe,Software,REP007,17656.76,8509.69,2
2025-05,Western Europe,Software,REP011,147475.56,82830.72,24
2025-06,DACH,Hardware,REP001,111998.87,59384.66,23
2025-06,DACH,Hardware,REP005,30939.74,17300.19,9
2025-06,DACH,Hardware,REP009,64555.83,43002.07,19
2025-06,DACH,Industrial,REP001,110203.04,70397.94,17
2025-06,DACH,Industrial,REP005,147572.59,88494.09,22
2025-06,DACH,Industrial,REP009,78640.94,38183.52,12
2025-06,DACH,Services,REP001,41791.29,23021.45,8
2025-06,DACH,Services,REP005,77144.06,42856.47,26
2025-06,DACH,Services,REP009,25850.94,13900.21,9
2025-06,DACH,Software,REP001,154018.51,92231.72,24
2025-06,DACH,Software,REP005,271770.79,135795.74,63
2025-06,DACH,Software,REP009,116222.49,66944.87,17
2025-06,Northern Europe,Hardware,REP002,107137.7,53444.38,22
2025-06,Northern Europe,Hardware,REP006,121115.66,63772.45,43
2025-06,Northern Europe,Hardware,REP010,77146.83,39734.16,16
2025-06,Northern Europe,Industrial,REP010,58654.2,36197.94,8
2025-06,Northern Europe,Services,REP002,18779.41,12939.04,6
2025-06,Northern Europe,Services,REP006,49780.68,27841.22,25
2025-06,Northern Europe,Services,REP010,67681.2,36834.41,24
2025-06,Northern Europe,Software,REP002,38264.16,22562.75,17
2025-06,Northern Europe,Software,REP006,122752.43,69405.84,23
2025-06,Northern Europe,Software,REP010,223867.83,131162.95,42
2025-06,Southern Europe,Hardware,REP004,26471.42,14418.99,6
2025-06,Southern Europe,Hardware,REP008,10221.26,6147.69,7
2025-06,Southern Europe,Hardware,REP012,41156.38,23698.91,8
2025-06,Southern Europe,Industrial,REP004,61456.65,39616.77,11
2025-06,Southern Europe,Industrial,REP008,31659.59,20143.97,5
2025-06,Southern Europe,Services,REP004,61537.68,38806.06,23
2025-06,Southern Europe,Services,REP008,24318.95,14241.59,11
2025-06,Southern Europe,Services,REP012,68538.68,39789.15,14
2025-06,Southern Europe,Software,REP004,14406.96,9869.08,4
2025-06,Southern Europe,Software,REP008,207220.82,122693.23,29
2025-06,Southern Europe,Software,REP012,62071.02,37040.25,12
2025-06,Western Europe,Hardware,REP007,64811.46,39613.08,25
2025-06,Western Europe,Hardware,REP011,102243.32,63061.74,46
2025-06,Western Europe,Industrial,REP003,29384.54,16071.83,4
2025-06,Western Europe,Industrial,REP007,29940.35,17223.07,5
2025-06,Western Europe,Industrial,REP011,58395.24,37271.94,9
2025-06,Western Europe,Services,REP003,38929.97,22587.12,12
2025-06,Western Europe,Services,REP007,51791.15,28754.93,15
2025-06,Western Europe,Services,REP011,9594.9,5438.04,3
2025-06,Western Europe,Software,REP003,243144.11,114998.76,36
2025-06,Western Europe,Software,REP007,168546.7,85654.8,20
2025-06,Western Europe,Software,REP011,164435.96,73492.17,25
2025-07,DACH,Hardware,REP001,83103.23,56157.57,23
2025-07,DACH,Hardware,REP005,52910.0,29717.41,24
2025-07,DACH,Hardware,REP009,123020.47,74694.66,33
2025-07,DACH,Industrial,REP001,179029.48,109064.91,28
2025-07,DACH,Industrial,REP005,87378.48,56184.17,14
2025-07,DACH,Industrial,REP009,56376.25,33085.11,8
2025-07,DACH,Services,REP001,38334.4,22166.2,13
2025-07,DACH,Services,REP005,48695.91,27805.95,17
2025-07,DACH,Services,REP009,31770.68,19930.69,12
2025-07,DACH,Software,REP001,136471.68,76900.61,29
2025-07,DACH,Software,REP005,267749.05,155353.94,36
2025-07,DACH,Software,REP009,158694.44,89934.03,41
2025-07,Northern Europe,Hardware,REP002,53136.17,31325.41,20
2025-07,Northern Europe,Hardware,REP006,80433.08,44711.37,27
2025-07,Northern Europe,Hardware,REP010,38509.8,21439.52,8
2025-07,Northern Europe,Industrial,REP002,122907.29,65224.25,20
2025-07,Northern Europe,Industrial,REP010,200218.73,122176.86,33
2025-07,Northern Europe,Services,REP002,79289.39,43907.56,21
2025-07,Northern Europe,Software,REP002,219025.99,103825.3,21
2025-07,Northern Europe,Software,REP006,177514.49,80736.36,23
2025-07,Northern Europe,Software,REP010,241942.31,122072.45,33
2025-07,Southern Europe,Hardware,REP004,61357.83,36004.21,29
2025-07,Southern Europe,Hardware,REP008,67535.03,40996.7,21
2025-07,Southern Europe,Hardware,REP012,24381.5,13464.6,11
2025-07,Southern Europe,Industrial,REP004,27552.74,15116.24,4
2025-07,Southern Europe,Industrial,REP008,105423.14,58623.06,16
2025-07,Southern Europe,Industrial,REP012,77029.74,45288.42,12
2025-07,Southern Europe,Services,REP004,60242.48,36512.36,22
2025-07,Southern Europe,Services,REP008,15206.07,10161.43,6
2025-07,Southern Europe,Services,REP012,67158.34,36606.86,18
2025-07,Southern Europe,Software,REP004,155811.93,64733.0,22
2025-07,Southern Europe,Software,REP008,68336.37,35166.62,8
2025-07,Southern Europe,Software,REP012,10911.29,5507.04,1
2025-07,Western Europe,Hardware,REP003,5026.48,3306.75,3
2025-07,Western Europe,Hardware,REP007,34017.27,15812.75,10
2025-07,Western Europe,Hardware,REP011,95903.01,57983.03,45
2025-07,Western Europe,Industrial,REP003,65032.2,36020.05,10
2025-07,Western Europe,Industrial,REP007,115543.02,61426.86,19
2025-07,Western Europe,Industrial,REP011,64580.9,30332.33,10
2025-07,Western Europe,Services,REP003,98754.55,51621.52,30
2025-07,Western Europe,Services,REP007,32918.48,20204.1,12
2025-07,Western Europe,Services,REP011,51905.37,27748.46,22
2025-07,Western Europe,Software,REP003,165242.35,81670.52,18
2025-07,Western Europe,Software,REP007,265259.44,136194.75,32
2025-07,Western Europe,Software,REP011,155363.63,97808.34,25
2025-08,DACH,Hardware,REP001,60820.28,36774.16,13
2025-08,DACH,Hardware,REP005,64350.22,38082.56,35
2025-08,DACH,Hardware,REP009,49033.36,27721.59,23
2025-08,DACH,Industrial,REP001,45386.79,23755.91,6
2025-08,DACH,Industrial,REP005,26550.52,14243.87,4
2025-08,DACH,Industrial,REP009,216530.48,122483.39,30
2025-08,DACH,Services,REP001,63322.82,40495.88,21
2025-08,DACH,Services,REP005,19826.98,11098.84,5
2025-08,DACH,Services,REP009,13415.62,7966.23,3
2025-08,DACH,Software,REP001,279307.15,131035.53,36
2025-08,DACH,Software,REP005,165137.22,95947.88,35
2025-08,DACH,Software,REP009,155562.92,86364.88,27
2025-08,Northern Europe,Hardware,REP002,66491.26,37265.1,13
2025-08,Northern Europe,Hardware,REP006,145971.86,82473.04,61
2025-08,Northern Europe,Hardware,REP010,103341.76,56425.71,34
2025-08,Northern Europe,Industrial,REP002,303710.69,155407.48,50
2025-08,Northern Europe,Industrial,REP006,216758.29,141381.22,32
2025-08,Northern Europe,Industrial,REP010,103255.0,58365.17,15
2025-08,Northern Europe,Services,REP006,25899.68,13779.44,9
2025-08,Northern Europe,Services,REP010,90309.5,52134.65,22
2025-08,Northern Europe,Software,REP002,82295.05,47028.56,14
2025-08,Northern Europe,Software,REP006,109451.27,57399.73,23
2025-08,Northern Europe,Software,REP010,59762.94,36019.07,21
2025-08,Southern Europe,Hardware,REP004,57654.91,33809.31,18
2025-08,Southern Europe,Hardware,REP008,37183.17,21990.78,11
2025-08,Southern Europe,Hardware,REP012,87827.88,60117.43,26
2025-08,Southern Europe,Industrial,REP004,66331.18,46768.4,10
2025-08,Southern Europe,Industrial,REP008,114258.21,64173.87,20
2025-08,Southern Europe,Industrial,REP012,41922.41,26168.3,7
2025-08,Southern Europe,Services,REP008,10320.06,5827.36,3
2025-08,Southern Europe,Services,REP012,43388.58,25029.29,12
2025-08,Southern Europe,Software,REP004,299194.23,146039.09,32
2025-08,Southern Europe,Software,REP008,32629.66,22514.51,8
2025-08,Southern Europe,Software,REP012,19182.17,10666.7,2
2025-08,Western Europe,Hardware,REP003,11824.13,7009.63,6
2025-08,Western Europe,Hardware,REP007,27063.74,18460.89,10
2025-08,Western Europe,Hardware,REP011,28063.16,15976.17,13
2025-08,Western Europe,Industrial,REP003,94301.3,56271.84,13
2025-08,Western Europe,Industrial,REP007,140234.04,79934.5,21
2025-08,Western Europe,Industrial,REP011,46725.06,25518.66,7
2025-08,Western Europe,Services,REP003,98304.63,55749.96,32
2025-08,Western Europe,Services,REP007,37886.18,20307.81,13
2025-08,Western Europe,Services,REP011,29110.25,14052.84,8
2025-08,Western Europe,Software,REP003,100204.98,42695.13,16
2025-08,Western Europe,Software,REP007,140870.28,66415.87,15
2025-08,Western Europe,Software,REP011,206541.85,110446.61,26
2025-09,DACH,Hardware,REP001,87509.24,48612.33,47
2025-09,DACH,Hardware,REP005,67423.65,34016.96,13
2025-09,DACH,Hardware,REP009,97609.86,52076.46,31
2025-09,DACH,Industrial,REP001,107219.33,58358.17,14
2025-09,DACH,Industrial,REP005,126716.83,83151.05,21
2025-09,DACH,Industrial,REP009,65437.91,35091.01,11
2025-09,DACH,Services,REP001,117921.96,74221.34,32
2025-09,DACH,Services,REP005,137757.35,79025.48,36
2025-09,DACH,Services,REP009,138081.37,68935.14,33
2025-09,DACH,Software,REP001,217049.37,113548.16,30
2025-09,DACH,Software,REP005,166323.04,87558.44,22
2025-09,DACH,Software,REP009,160059.79,99030.43,22
2025-09,Northern Europe,Hardware,REP002,26123.4,14665.9,9
2025-09,Northern Europe,Hardware,REP006,55711.84,32420.04,16
2025-09,Northern Europe,Hardware,REP010,87979.33,48622.0,26
2025-09,Northern Europe,Industrial,REP002,212561.95,121292.69,32
2025-09,Northern Europe,Industrial,REP006,22633.09,13450.26,3
2025-09,Northern Europe,Services,REP002,45904.23,29040.38,10
2025-09,Northern Europe,Services,REP006,135439.72,67887.99,40
2025-09,Northern Europe,Services,REP010,14263.79,8196.08,6
2025-09,Northern Europe,Software,REP002,64838.77,38172.22,27
2025-09,Northern Europe,Software,REP006,190293.08,114909.98,36
2025-09,Northern Europe,Software,REP010,62363.12,33986.95,13
2025-09,Southern Europe,Hardware,REP004,16516.27,11157.43,10
2025-09,Southern Europe,Hardware,REP008,61157.75,37707.34,11
2025-09,Southern Europe,Hardware,REP012,6937.45,4107.64,4
2025-09,Southern Europe,Industrial,REP004,140932.26,87780.54,20
2025-09,Southern Europe,Industrial,REP008,78114.87,39549.78,13
2025-09,Southern Europe,Industrial,REP012,46739.33,24708.4,6
2025-09,Southern Europe,Services,REP004,14086.65,8024.24,6
2025-09,Southern Europe,Services,REP008,57514.07,29703.3,21
2025-09,Southern Europe,Services,REP012,82487.87,47189.66,27
2025-09,Southern Europe,Software,REP008,70435.45,35377.38,8
2025-09,Southern Europe,Software,REP012,146216.71,87933.23,22
2025-09,Western Europe,Hardware,REP003,108285.95,58317.24,38
2025-09,Western Europe,Hardware,REP007,13302.05,6916.51,6
2025-09,Western Europe,Hardware,REP011,6989.7,4947.04,4
2025-09,Western Europe,Industrial,REP003,108946.52,58122.68,16
2025-09,Western Europe,Industrial,REP007,111170.01,68095.99,16
2025-09,Western Europe,Industrial,REP011,104969.72,52155.31,15
2025-09,Western Europe,Services,REP003,13057.98,8138.5,4
2025-09,Western Europe,Services,REP007,54594.49,27416.53,13
2025-09,Western Europe,Services,REP011,28345.14,14956.77,10
2025-09,Western Europe,Software,REP003,135622.07,65351.09,17
2025-09,Western Europe,Software,REP007,80535.59,41865.25,9
2025-09,Western Europe,Software,REP011,62787.58,37781.78,12
2025-10,DACH,Hardware,REP001,69215.91,39328.05,25
2025-10,DACH,Hardware,REP005,64142.41,35006.97,17
2025-10,DACH,Hardware,REP009,48891.3,33851.59,17
2025-10,DACH,Industrial,REP001,47095.8,30443.99,8
2025-10,DACH,Industrial,REP005,85902.13,59595.77,13
2025-10,DACH,Industrial,REP009,185096.42,98474.2,24
2025-10,DACH,Services,REP001,148036.88,83457.55,44
2025-10,DACH,Services,REP005,120354.67,70897.39,40
2025-10,DACH,Services,REP009,46561.35,30071.43,13
2025-10,DACH,Software,REP001,280056.43,154484.71,32
2025-10,DACH,Software,REP005,207264.86,133466.76,42
2025-10,DACH,Software,REP009,284894.14,166349.28,51
2025-10,Northern Europe,Hardware,REP002,15413.32,7878.82,8
2025-10,Northern Europe,Hardware,REP006,28995.8,17323.27,14
2025-10,Northern Europe,Hardware,REP010,107021.36,66354.46,22
2025-10,Northern Europe,Industrial,REP002,294623.15,154404.44,42
2025-10,Northern Europe,Industrial,REP006,69609.5,43152.85,11
2025-10,Northern Europe,Industrial,REP010,202700.79,112808.0,31
2025-10,Northern Europe,Services,REP002,93367.9,50700.63,22
2025-10,Northern Europe,Services,REP006,23127.5,13031.99,8
2025-10,Northern Europe,Services,REP010,134735.05,70062.45,31
2025-10,Northern Europe,Software,REP002,59203.64,32879.22,7
2025-10,Northern Europe,Software,REP006,375232.51,186947.13,44
2025-10,Northern Europe,Software,REP010,14285.49,9428.31,6
2025-10,Southern Europe,Hardware,REP004,5415.0,3157.03,3
2025-10,Southern Europe,Hardware,REP008,37710.48,23786.43,18
2025-10,Southern Europe,Hardware,REP012,55719.94,28264.54,15
2025-10,Southern Europe,Industrial,REP004,108784.79,67881.99,15
2025-10,Southern Europe,Industrial,REP012,48252.21,26351.75,8
2025-10,Southern Europe,Services,REP004,47664.83,30110.07,14
2025-10,Southern Europe,Services,REP012,56006.36,30799.29,17
2025-10,Southern Europe,Software,REP004,59788.09,35752.12,9
2025-10,Southern Europe,Software,REP008,57606.82,41841.81,18
2025-10,Southern Europe,Software,REP012,44139.1,24476.51,8
2025-10,Western Europe,Hardware,REP003,24987.6,15430.26,15
2025-10,Western Europe,Hardware,REP011,37844.54,25723.47,21
2025-10,Western Europe,Industrial,REP003,33575.49,22244.41,5
2025-10,Western Europe,Industrial,REP007,32959.88,18347.1,5
2025-10,Western Europe,Industrial,REP011,182893.22,109386.61,27
2025-10,Western Europe,Services,REP003,79401.37,50271.98,21
2025-10,Western Europe,Services,REP007,82297.24,53042.69,30
2025-10,Western Europe,Services,REP011,52241.99,32979.96,19
2025-10,Western Europe,Software,REP003,261605.38,143238.69,34
2025-10,Western Europe,Software,REP007,70715.41,38226.76,10
2025-10,Western Europe,Software,REP011,120194.53,66821.09,17
2025-11,DACH,Hardware,REP001,52689.53,26536.07,9
2025-11,DACH,Hardware,REP005,222951.49,125647.45,60
2025-11,DACH,Hardware,REP009,52708.04,30182.49,12
2025-11,DACH,Industrial,REP001,164863.14,96889.61,24
2025-11,DACH,Industrial,REP005,118012.72,73225.44,16
2025-11,DACH,Industrial,REP009,264666.41,156760.12,33
2025-11,DACH,Services,REP001,96160.91,64407.77,29
2025-11,DACH,Services,REP005,75472.21,42405.35,23
2025-11,DACH,Services,REP009,68211.44,38754.13,24
2025-11,DACH,Software,REP001,283253.01,143307.82,50
2025-11,DACH,Software,REP005,151641.92,84126.62,22
2025-11,DACH,Software,REP009,57459.49,38900.83,13
2025-11,Northern Europe,Hardware,REP002,76662.73,44982.94,45
2025-11,Northern Europe,Hardware,REP006,233310.28,118189.56,67
2025-11,Northern Europe,Hardware,REP010,66172.47,43140.89,23
2025-11,Northern Europe,Industrial,REP002,69240.85,41697.92,9
2025-11,Northern Europe,Industrial,REP006,132764.62,74285.86,19
2025-11,Northern Europe,Industrial,REP010,119234.29,76185.98,18
2025-11,Northern Europe,Services,REP002,18634.96,10007.5,5
2025-11,Northern Europe,Services,REP006,83001.63,57728.75,30
2025-11,Northern Europe,Services,REP010,5017.62,3309.62,2
2025-11,Northern Europe,Software,REP002,15386.34,9313.59,4
2025-11,Northern Europe,Software,REP006,449806.19,253282.13,53
2025-11,Northern Europe,Software,REP010,68569.86,40131.05,11
2025-11,Southern Europe,Hardware,REP004,7558.8,4238.2,4
2025-11,Southern Europe,Hardware,REP008,37872.04,27502.94,22
2025-11,Southern Europe,Hardware,REP012,54833.14,34194.39,26
2025-11,Southern Europe,Industrial,REP004,6314.58,4530.99,1
2025-11,Southern Europe,Industrial,REP008,35091.39,21975.53,5
2025-11,Southern Europe,Industrial,REP012,69067.7,36892.13,10
2025-11,Southern Europe,Services,REP004,70573.92,39556.44,20
2025-11,Southern Europe,Services,REP012,21572.63,13088.73,6
2025-11,Southern Europe,Software,REP004,254142.49,131840.97,27
2025-11,Southern Europe,Software,REP008,44366.72,27131.48,8
2025-11,Southern Europe,Software,REP012,28245.2,17124.66,9
2025-11,Western Europe,Hardware,REP003,64251.58,38517.67,18
2025-11,Western Europe,Hardware,REP007,96858.44,59784.31,18
2025-11,Western Europe,Hardware,REP011,20695.65,13782.11,11
2025-11,Western Europe,Industrial,REP003,39184.26,20757.58,6
2025-11,Western Europe,Industrial,REP007,63304.47,44380.8,9
2025-11,Western Europe,Industrial,REP011,214129.0,130116.49,31
2025-11,Western Europe,Services,REP003,44429.45,26890.19,16
2025-11,Western Europe,Services,REP007,115522.44,75184.79,39
2025-11,Western Europe,Services,REP011,18908.44,11151.01,4
2025-11,Western Europe,Software,REP003,110317.63,65048.82,21
2025-11,Western Europe,Software,REP007,50827.7,27088.55,7
2025-11,Western Europe,Software,REP011,122837.67,70225.84,21
2025-12,DACH,Hardware,REP001,47949.65,29078.41,23
2025-12,DACH,Hardware,REP005,36659.61,21595.54,22
2025-12,DACH,Hardware,REP009,35502.95,23871.21,8
2025-12,DACH,Industrial,REP001,40194.67,24111.46,6
2025-12,DACH,Industrial,REP005,97718.92,54504.82,14
2025-12,DACH,Industrial,REP009,270572.04,167677.8,38
2025-12,DACH,Services,REP001,48541.44,26582.54,16
2025-12,DACH,Services,REP005,224855.03,138211.46,66
2025-12,DACH,Services,REP009,35915.65,22724.89,15
2025-12,DACH,Software,REP001,99405.84,60882.39,20
2025-12,DACH,Software,REP005,65682.59,40712.42,13
2025-12,DACH,Software,REP009,115904.71,69895.18,18
2025-12,Northern Europe,Hardware,REP006,77592.38,51165.92,25
2025-12,Northern Europe,Hardware,REP010,100051.81,61144.47,26
2025-12,Northern Europe,Industrial,REP006,128475.52,89231.65,18
2025-12,Northern Europe,Industrial,REP010,304291.41,195390.71,47
2025-12,Northern Europe,Services,REP002,36374.12,19948.57,8
2025-12,Northern Europe,Services,REP010,38695.65,21697.74,13
2025-12,Northern Europe,Software,REP002,69349.37,40438.29,20
2025-12,Northern Europe,Software,REP006,99246.6,62720.15,21
2025-12,Northern Europe,Software,REP010,30667.64,16480.81,4
2025-12,Southern Europe,Hardware,REP004,14564.89,9539.09,7
2025-12,Southern Europe,Hardware,REP008,86534.07,51468.34,20
2025-12,Southern Europe,Hardware,REP012,12569.3,6560.81,7
2025-12,Southern Europe,Industrial,REP004,12697.57,8158.4,2
2025-12,Southern Europe,Industrial,REP008,30382.25,18899.19,5
2025-12,Southern Europe,Industrial,REP012,69928.56,36232.54,9
2025-12,Southern Europe,Services,REP012,8543.84,4465.4,2
2025-12,Southern Europe,Software,REP004,177208.61,101075.53,26
2025-12,Southern Europe,Software,REP012,42661.83,25179.62,12
2025-12,Western Europe,Hardware,REP003,76553.76,54373.46,33
2025-12,Western Europe,Hardware,REP007,82373.17,47465.96,19
2025-12,Western Europe,Hardware,REP011,46690.59,27641.35,8
2025-12,Western Europe,Industrial,REP003,7424.76,4705.72,1
2025-12,Western Europe,Industrial,REP007,59421.51,35103.82,8
2025-12,Western Europe,Services,REP003,108486.68,60899.09,27
2025-12,Western Europe,Services,REP007,25456.02,15804.15,8
2025-12,Western Europe,Services,REP011,39934.08,24602.27,9
2025-12,Western Europe,Software,REP003,96278.83,58910.21,10
2025-12,Western Europe,Software,REP007,117727.95,62019.53,13
2025-12,Western Europe,Software,REP011,164810.5,81067.98,19
